<?xml version="1.0" encoding="utf-8"?>
<extension type="module" version="3.4.5" client="site" method="upgrade">
	<name>Google Chart</name>
    <author>Sanjid Habib</author>
    <version>1.0.0</version>
    <description>A simple Google Chart module.</description>
    <files>
        <filename>mod_googlechart.xml</filename>
        <filename module="mod_googlechart">mod_googlechart.php</filename>
        <filename>index.html</filename>
        <filename>sql/mysql/install.mysql.utf8.sql</filename>
        <filename>sql/mysql/uninstall.mysql.utf8.sql</filename>
        <filename>helper.php</filename>
        <filename>tmpl/default.php</filename>
        <filename>tmpl/index.html</filename>
    </files>
    
    <config>
    	<fields name="params">
    		<fieldset name="basic">
        	<field
               	name="value1"
               	type="sql"
               	default="1"
               	label="Select a Value One"
               	query="SELECT id AS value, value1 FROM #__googlechart" />
    		</fieldset>
		</fields>
		<fields name="params">
    		<fieldset name="basic">
        	<field
               	name="value2"
               	type="sql"
               	default="1"
               	label="Select a Value two"
               	query="SELECT id AS value, value2 FROM #__googlechart" />
    		</fieldset>
		</fields>
    </config>
    <install>
     	<sql>
        	 <file driver="mysql" charset="utf8">sql/mysql/install.mysql.utf8.sql</file>
         	 
     	</sql>
	</install>
 
	<uninstall>
     	<sql>
         	<file driver="mysql" charset="utf8">sql/mysql/uninstall.mysql.utf8.sql</file>
         	
     	</sql>
	</uninstall>
</extension>